image_id,preprocess_ms,inference_latency_ms,total_latency_ms
run_20260501_171023_img_0001,422.398,1866.741,2289.139
run_20260501_171023_img_0002,180.672,1805.823,1986.495
run_20260501_171023_img_0003,159.566,1770.797,1930.363
run_20260501_171023_img_0004,137.848,1770.331,1908.179
run_20260501_171023_img_0005,147.548,1774.886,1922.434
run_20260501_171023_img_0006,139.789,1768.975,1908.764
run_20260501_171023_img_0007,142.236,1800.39,1942.626
run_20260501_171023_img_0008,170.552,1776.477,1947.029
run_20260501_171023_img_0009,141.311,1770.391,1911.702
run_20260501_171023_img_0010,143.433,1771.27,1914.703
run_20260501_171023_img_0011,155.186,1769.515,1924.701
run_20260501_171023_img_0012,141.015,1770.487,1911.502
run_20260501_171023_img_0013,148.468,1780.816,1929.284
run_20260501_171023_img_0014,113.742,1681.408,1795.15
run_20260501_171023_img_0015,115.388,1788.998,1904.386
run_20260501_171023_img_0016,144.026,1774.115,1918.14
run_20260501_171023_img_0017,124.518,1772.637,1897.154
run_20260501_171023_img_0018,124.526,1777.965,1902.491
run_20260501_171023_img_0019,124.219,1778.106,1902.325
run_20260501_171023_img_0020,122.25,1780.703,1902.952
run_20260501_171023_img_0021,118.772,1775.777,1894.549
run_20260501_171023_img_0022,121.218,1682.497,1803.715
run_20260501_171023_img_0023,118.167,1770.202,1888.369
run_20260501_171023_img_0024,120.202,1771.192,1891.394
run_20260501_171023_img_0025,120.674,1769.164,1889.837
run_20260501_171023_img_0026,126.285,1771.585,1897.87
run_20260501_171023_img_0027,120.94,1777.082,1898.022
run_20260501_171023_img_0028,179.721,1774.498,1954.218
run_20260501_171023_img_0029,205.612,1772.085,1977.697
run_20260501_171023_img_0030,182.187,1769.945,1952.132
run_20260501_171023_img_0031,191.183,1777.703,1968.886
run_20260501_171023_img_0032,206.347,1772.444,1978.791
run_20260501_171023_img_0033,182.637,1775.299,1957.936
run_20260501_171023_img_0034,201.282,1768.831,1970.113
run_20260501_171023_img_0035,179.994,1771.91,1951.904
run_20260501_171023_img_0036,188.813,1777.836,1966.649
run_20260501_171023_img_0037,206.018,1785.724,1991.742
run_20260501_171023_img_0038,181.342,1774.513,1955.855
run_20260501_171023_img_0039,204.501,1767.317,1971.818
run_20260501_171023_img_0040,183.007,1773.502,1956.508
run_20260501_171023_img_0041,193.388,1777.074,1970.462
run_20260501_171023_img_0042,197.435,1771.519,1968.954
run_20260501_171023_img_0043,182.332,1770.152,1952.484
run_20260501_171023_img_0044,200.34,1767.037,1967.377
run_20260501_171023_img_0045,180.705,1688.108,1868.813
run_20260501_171023_img_0046,194.52,1773.742,1968.262
run_20260501_171023_img_0047,206.764,1769.997,1976.761
run_20260501_171023_img_0048,179.743,1772.383,1952.126
run_20260501_171023_img_0049,205.8,1692.422,1898.222
run_20260501_171023_img_0050,178.713,1775.897,1954.61
run_20260501_171023_img_0051,190.992,1783.711,1974.703
run_20260501_171023_img_0052,201.408,1773.313,1974.721
run_20260501_171023_img_0053,180.964,1682.122,1863.086
run_20260501_171023_img_0054,210.549,1782.455,1993.004
run_20260501_171023_img_0055,144.815,1726.073,1870.888
run_20260501_171023_img_0056,116.89,1772.548,1889.439
run_20260501_171023_img_0057,166.906,1773.1,1940.007
run_20260501_171023_img_0058,142.009,1772.948,1914.957
run_20260501_171023_img_0059,149.938,1785.309,1935.247
run_20260501_171023_img_0060,141.762,1771.649,1913.411
run_20260501_171023_img_0061,144.357,1767.124,1911.481
run_20260501_171023_img_0062,129.489,1781.155,1910.644
run_20260501_171023_img_0063,121.159,1773.361,1894.52
run_20260501_171023_img_0064,122.622,1778.941,1901.563
run_20260501_171023_img_0065,114.919,1775.989,1890.908
run_20260501_171023_img_0066,119.981,1684.998,1804.978
run_20260501_171023_img_0067,123.424,1772.69,1896.114
run_20260501_171023_img_0068,137.072,1770.877,1907.949
run_20260501_171023_img_0069,149.331,1770.895,1920.226
run_20260501_171023_img_0070,148.578,1776.269,1924.847
run_20260501_171023_img_0071,143.805,1772.748,1916.553
run_20260501_171023_img_0072,145.156,1778.145,1923.302
run_20260501_171023_img_0073,140.881,1768.656,1909.538
run_20260501_171023_img_0074,140.776,1777.421,1918.197
run_20260501_171023_img_0075,140.115,1776.392,1916.507
run_20260501_171023_img_0076,136.184,1770.157,1906.341
run_20260501_171023_img_0077,138.499,1774.112,1912.611
run_20260501_171023_img_0078,139.671,1772.342,1912.012
run_20260501_171023_img_0079,137.459,1771.222,1908.681
run_20260501_171023_img_0080,147.7,1783.306,1931.006
run_20260501_171023_img_0081,138.664,1771.052,1909.716
run_20260501_171023_img_0082,192.941,1772.75,1965.691
run_20260501_171023_img_0083,217.159,1777.299,1994.458
run_20260501_171023_img_0084,185.56,1774.829,1960.389
run_20260501_171023_img_0085,203.398,1781.141,1984.539
run_20260501_171023_img_0086,222.878,1778.532,2001.409
run_20260501_171023_img_0087,194.653,1775.604,1970.257
run_20260501_171023_img_0088,215.349,1823.239,2038.587
run_20260501_171023_img_0089,135.882,1820.884,1956.766
run_20260501_171023_img_0090,139.39,1819.225,1958.615
run_20260501_171023_img_0091,153.418,1815.563,1968.981
run_20260501_171023_img_0092,124.18,1728.554,1852.734
run_20260501_171023_img_0093,121.58,1826.836,1948.416
run_20260501_171023_img_0094,127.079,1817.035,1944.114
run_20260501_171023_img_0095,130.497,1824.839,1955.336
run_20260501_171023_img_0096,127.958,1816.908,1944.866
run_20260501_171023_img_0097,123.289,1815.774,1939.063
run_20260501_171023_img_0098,127.54,1827.235,1954.774
run_20260501_171023_img_0099,124.683,1821.589,1946.272
run_20260501_171023_img_0100,145.229,1818.637,1963.866
run_20260501_171023_img_0101,142.976,1828.244,1971.221
run_20260501_171023_img_0102,145.985,1818.976,1964.961
run_20260501_171023_img_0103,148.7,1821.443,1970.142
run_20260501_171023_img_0104,145.787,1818.382,1964.169
run_20260501_171023_img_0105,150.281,1837.45,1987.731
run_20260501_171023_img_0106,144.106,1819.137,1963.243
run_20260501_171023_img_0107,142.062,1820.626,1962.688
run_20260501_171023_img_0108,145.002,1823.433,1968.436
run_20260501_171023_img_0109,144.149,1819.802,1963.95
run_20260501_171023_img_0110,145.726,1822.33,1968.056
run_20260501_171023_img_0111,148.261,1821.584,1969.845
run_20260501_171023_img_0112,145.057,1813.747,1958.803
run_20260501_171023_img_0113,138.582,1822.781,1961.363
run_20260501_171023_img_0114,148.534,1815.481,1964.015
run_20260501_171023_img_0115,148.14,1817.44,1965.58
run_20260501_171023_img_0116,147.105,1831.911,1979.015
run_20260501_171023_img_0117,142.548,1879.856,2022.404
run_20260501_171023_img_0118,147.534,1823.097,1970.631
run_20260501_171023_img_0119,145.751,1817.709,1963.46
run_20260501_171023_img_0120,144.081,1818.606,1962.687
run_20260501_171023_img_0121,143.502,1828.421,1971.922
run_20260501_171023_img_0122,143.54,1824.404,1967.944
run_20260501_171023_img_0123,144.477,1819.115,1963.592
run_20260501_171023_img_0124,148.032,1822.487,1970.519
run_20260501_171023_img_0125,147.868,1817.486,1965.354
run_20260501_171023_img_0126,145.854,1825.525,1971.379
run_20260501_171023_img_0127,143.407,1817.55,1960.957
run_20260501_171023_img_0128,142.084,1825.614,1967.698
run_20260501_171023_img_0129,144.236,1820.389,1964.625
run_20260501_171023_img_0130,148.48,1825.369,1973.849
run_20260501_171023_img_0131,145.643,1822.671,1968.313
run_20260501_171023_img_0132,148.126,1825.644,1973.771
run_20260501_171023_img_0133,146.639,1816.204,1962.842
run_20260501_171023_img_0134,145.94,1835.689,1981.629
run_20260501_171023_img_0135,141.925,1818.229,1960.154
run_20260501_171023_img_0136,141.434,1831.315,1972.749
run_20260501_171023_img_0137,144.616,1816.727,1961.343
run_20260501_171023_img_0138,145.848,1822.835,1968.683
run_20260501_171023_img_0139,142.316,1819.403,1961.72
run_20260501_171023_img_0140,141.865,1861.304,2003.169
run_20260501_171023_img_0141,141.124,1817.806,1958.93
run_20260501_171023_img_0142,143.263,1824.242,1967.505
run_20260501_171023_img_0143,142.517,1817.441,1959.958
run_20260501_171023_img_0144,146.087,1832.245,1978.332
run_20260501_171023_img_0145,144.372,1812.349,1956.721
run_20260501_171023_img_0146,139.679,1829.028,1968.707
run_20260501_171023_img_0147,143.204,1815.343,1958.547
run_20260501_171023_img_0148,149.758,1848.699,1998.457
run_20260501_171023_img_0149,150.318,1826.202,1976.52
run_20260501_171023_img_0150,143.742,1829.03,1972.772
run_20260501_171023_img_0151,145.322,1814.067,1959.389
run_20260501_171023_img_0152,139.751,1830.499,1970.25
run_20260501_171023_img_0153,145.403,1814.739,1960.142
run_20260501_171023_img_0154,142.209,1828.402,1970.611
run_20260501_171023_img_0155,137.814,1815.997,1953.811
run_20260501_171023_img_0156,154.138,1825.349,1979.487
run_20260501_171023_img_0157,152.979,1816.538,1969.518
run_20260501_171023_img_0158,142.179,1828.959,1971.138
run_20260501_171023_img_0159,143.687,1820.571,1964.258
run_20260501_171023_img_0160,143.042,1821.78,1964.822
run_20260501_171023_img_0161,144.817,1812.272,1957.089
run_20260501_171023_img_0162,145.037,1825.471,1970.508
run_20260501_171023_img_0163,144.667,1811.846,1956.513
run_20260501_171023_img_0164,142.832,1826.975,1969.807
run_20260501_171023_img_0165,151.204,1814.653,1965.858
run_20260501_171023_img_0166,146.623,1821.327,1967.95
run_20260501_171023_img_0167,146.482,1819.077,1965.559
run_20260501_171023_img_0168,144.094,1821.516,1965.61
run_20260501_171023_img_0169,144.204,1818.217,1962.421
run_20260501_171023_img_0170,144.031,1822.858,1966.889
run_20260501_171023_img_0171,152.127,1812.91,1965.037
run_20260501_171023_img_0172,143.523,1825.342,1968.865
run_20260501_171023_img_0173,140.321,1815.205,1955.526
run_20260501_171023_img_0174,142.1,1822.936,1965.036
run_20260501_171023_img_0175,142.216,1815.309,1957.525
run_20260501_171023_img_0176,146.359,1740.1,1886.458
run_20260501_171023_img_0177,143.444,1822.141,1965.586
run_20260501_171023_img_0178,129.674,1824.952,1954.626
run_20260501_171023_img_0179,135.884,1818.197,1954.081
run_20260501_171023_img_0180,133.279,1829.486,1962.766
run_20260501_171023_img_0181,126.375,1810.461,1936.836
run_20260501_171023_img_0182,148.3,1830.184,1978.484
run_20260501_171023_img_0183,147.293,1813.959,1961.252
run_20260501_171023_img_0184,148.21,1822.784,1970.994
run_20260501_171023_img_0185,148.945,1824.16,1973.105
run_20260501_171023_img_0186,148.31,1824.13,1972.44
run_20260501_171023_img_0187,148.095,1814.176,1962.272
run_20260501_171023_img_0188,159.619,1827.834,1987.453
run_20260501_171023_img_0189,148.179,1818.606,1966.785
run_20260501_171023_img_0190,149.35,1838.853,1988.203
run_20260501_171023_img_0191,152.716,1827.909,1980.625
run_20260501_171023_img_0192,153.9,1823.363,1977.263
run_20260501_171023_img_0193,151.928,1822.708,1974.636
run_20260501_171023_img_0194,148.569,1827.981,1976.55
run_20260501_171023_img_0195,147.289,1817.726,1965.014
run_20260501_171023_img_0196,149.648,1823.609,1973.258
run_20260501_171023_img_0197,148.664,1815.327,1963.991
run_20260501_171023_img_0198,149.116,1826.148,1975.263
run_20260501_171023_img_0199,146.692,1811.703,1958.395
run_20260501_171023_img_0200,148.131,1880.133,2028.265
run_20260501_171023_img_0201,148.792,1813.693,1962.484
run_20260501_171023_img_0202,146.455,1833.73,1980.185
run_20260501_171023_img_0203,146.94,1824.342,1971.282
run_20260501_171023_img_0204,151.905,1825.586,1977.491
run_20260501_171023_img_0205,151.35,1818.273,1969.623
run_20260501_171023_img_0206,149.045,1828.966,1978.011
run_20260501_171023_img_0207,147.416,1815.629,1963.045
run_20260501_171023_img_0208,149.77,1829.661,1979.431
run_20260501_171023_img_0209,152.255,1819.987,1972.243
run_20260501_171023_img_0210,150.868,1826.278,1977.146
run_20260501_171023_img_0211,148.588,1812.263,1960.851
run_20260501_171023_img_0212,146.436,1825.006,1971.442
run_20260501_171023_img_0213,147.213,1822.685,1969.899
run_20260501_171023_img_0214,147.137,1821.306,1968.442
run_20260501_171023_img_0215,149.686,1825.017,1974.703
run_20260501_171023_img_0216,150.13,1822.124,1972.253
run_20260501_171023_img_0217,147.898,1815.822,1963.72
run_20260501_171023_img_0218,148.416,1831.797,1980.214
run_20260501_171023_img_0219,147.78,1814.622,1962.402
run_20260501_171023_img_0220,151.093,1825.426,1976.519
run_20260501_171023_img_0221,160.155,1820.232,1980.387
run_20260501_171023_img_0222,146.574,1825.681,1972.255
run_20260501_171023_img_0223,185.124,1821.511,2006.635
run_20260501_171023_img_0224,161.346,1829.059,1990.405
run_20260501_171023_img_0225,162.397,1815.138,1977.534
run_20260501_171023_img_0226,164.833,1858.304,2023.137
run_20260501_171023_img_0227,180.607,1819.165,1999.772
run_20260501_171023_img_0228,185.878,1835.0,2020.877
run_20260501_171023_img_0229,159.883,1819.999,1979.883
run_20260501_171023_img_0230,160.166,1849.15,2009.317
run_20260501_171023_img_0231,183.394,1825.267,2008.661
run_20260501_171023_img_0232,161.246,1743.865,1905.111
run_20260501_171023_img_0233,155.439,1825.893,1981.332
run_20260501_171023_img_0234,161.984,1829.268,1991.252
run_20260501_171023_img_0235,162.13,1817.833,1979.963
run_20260501_171023_img_0236,161.653,1837.608,1999.261
run_20260501_171023_img_0237,163.067,1817.494,1980.56
run_20260501_171023_img_0238,162.305,1828.975,1991.28
run_20260501_171023_img_0239,165.091,1819.935,1985.027
run_20260501_171023_img_0240,155.207,1821.69,1976.897
run_20260501_171023_img_0241,155.751,1821.343,1977.094
run_20260501_171023_img_0242,171.877,1821.368,1993.245
run_20260501_171023_img_0243,161.767,1820.376,1982.143
run_20260501_171023_img_0244,160.778,1828.354,1989.132
run_20260501_171023_img_0245,163.554,1835.094,1998.648
run_20260501_171023_img_0246,186.201,1830.241,2016.442
run_20260501_171023_img_0247,183.704,1813.055,1996.759
run_20260501_171023_img_0248,171.878,1834.063,2005.941
run_20260501_171023_img_0249,161.035,1840.635,2001.67
run_20260501_171023_img_0250,185.71,1825.726,2011.435
run_20260501_171023_img_0251,162.566,1817.224,1979.79
run_20260501_171023_img_0252,162.587,1826.285,1988.872
run_20260501_171023_img_0253,160.488,1821.636,1982.124
run_20260501_171023_img_0254,161.375,1823.665,1985.04
run_20260501_171023_img_0255,160.514,1815.064,1975.577
run_20260501_171023_img_0256,165.721,1835.445,2001.167
run_20260501_171023_img_0257,162.073,1820.032,1982.105
run_20260501_171023_img_0258,161.111,1826.453,1987.565
run_20260501_171023_img_0259,225.186,1834.796,2059.982
run_20260501_171023_img_0260,153.663,1821.743,1975.406
run_20260501_171023_img_0261,156.819,1826.214,1983.033
run_20260501_171023_img_0262,158.561,1823.975,1982.536
run_20260501_171023_img_0263,160.099,1815.436,1975.535
run_20260501_171023_img_0264,166.03,1823.142,1989.172
run_20260501_171023_img_0265,157.267,1817.381,1974.648
run_20260501_171023_img_0266,158.956,1828.299,1987.256
run_20260501_171023_img_0267,156.614,1812.839,1969.453
run_20260501_171023_img_0268,147.607,1824.128,1971.735
run_20260501_171023_img_0269,154.784,1820.773,1975.557
run_20260501_171023_img_0270,154.238,1823.014,1977.251
run_20260501_171023_img_0271,158.232,1820.29,1978.522
run_20260501_171023_img_0272,163.505,1822.078,1985.583
run_20260501_171023_img_0273,159.439,1722.162,1881.601
run_20260501_171023_img_0274,165.663,1831.28,1996.942
run_20260501_171023_img_0275,164.765,1810.489,1975.254
run_20260501_171023_img_0276,164.653,1831.764,1996.416
run_20260501_171023_img_0277,164.349,1818.266,1982.615
run_20260501_171023_img_0278,165.54,1822.993,1988.533
run_20260501_171023_img_0279,164.69,1820.366,1985.056
run_20260501_171023_img_0280,166.105,1826.677,1992.782
run_20260501_171023_img_0281,164.09,1823.943,1988.032
run_20260501_171023_img_0282,162.353,1820.149,1982.503
run_20260501_171023_img_0283,160.889,1812.299,1973.188
run_20260501_171023_img_0284,161.957,1830.16,1992.117
run_20260501_171023_img_0285,162.965,1816.35,1979.315
run_20260501_171023_img_0286,159.914,1833.749,1993.664
run_20260501_171023_img_0287,160.142,1816.173,1976.315
run_20260501_171023_img_0288,162.339,1827.396,1989.734
run_20260501_171023_img_0289,158.632,1825.858,1984.489
run_20260501_171023_img_0290,160.506,1825.931,1986.437
run_20260501_174749_img_0001,421.718,1856.308,2278.026
run_20260501_174749_img_0002,179.904,1796.735,1976.638
run_20260501_174749_img_0003,159.276,1772.946,1932.222
run_20260501_174749_img_0004,139.79,1779.664,1919.455
run_20260501_174749_img_0005,145.864,1772.175,1918.038
run_20260501_174749_img_0006,140.082,1788.299,1928.382
run_20260501_174749_img_0007,144.877,1792.643,1937.52
run_20260501_174749_img_0008,167.32,1769.905,1937.225
run_20260501_174749_img_0009,142.237,1780.963,1923.2
run_20260501_174749_img_0010,139.626,1779.811,1919.437
run_20260501_174749_img_0011,159.075,1777.663,1936.738
run_20260501_174749_img_0012,143.202,1781.16,1924.362
run_20260501_174749_img_0013,143.198,1769.335,1912.533
run_20260501_174749_img_0014,115.145,1773.323,1888.467
run_20260501_174749_img_0015,115.581,1823.105,1938.686
run_20260501_174749_img_0016,152.382,1773.498,1925.881
run_20260501_174749_img_0017,127.401,1775.608,1903.009
run_20260501_174749_img_0018,121.432,1794.8,1916.232
run_20260501_174749_img_0019,123.243,1776.771,1900.013
run_20260501_174749_img_0020,122.263,1779.979,1902.242
run_20260501_174749_img_0021,118.283,1772.893,1891.176
run_20260501_174749_img_0022,123.734,1779.544,1903.278
run_20260501_174749_img_0023,127.224,1793.407,1920.631
run_20260501_174749_img_0024,125.813,1770.005,1895.818
run_20260501_174749_img_0025,119.536,1777.206,1896.743
run_20260501_174749_img_0026,122.703,1770.889,1893.593
run_20260501_174749_img_0027,124.964,1782.879,1907.843
run_20260501_174749_img_0028,181.06,1780.485,1961.545
run_20260501_174749_img_0029,207.778,1773.07,1980.848
run_20260501_174749_img_0030,182.614,1771.937,1954.551
run_20260501_174749_img_0031,191.047,1771.728,1962.775
run_20260501_174749_img_0032,206.06,1773.782,1979.842
run_20260501_174749_img_0033,183.107,1785.302,1968.409
run_20260501_174749_img_0034,202.55,1850.226,2052.775
run_20260501_174749_img_0035,181.522,1775.186,1956.708
run_20260501_174749_img_0036,189.749,1777.632,1967.381
run_20260501_174749_img_0037,207.399,1773.519,1980.919
run_20260501_174749_img_0038,182.105,1779.452,1961.557
run_20260501_174749_img_0039,205.548,1780.223,1985.771
run_20260501_174749_img_0040,184.739,1773.823,1958.562
run_20260501_174749_img_0041,192.314,1776.285,1968.598
run_20260501_174749_img_0042,197.379,1775.499,1972.879
run_20260501_174749_img_0043,182.57,1771.69,1954.26
run_20260501_174749_img_0044,201.677,1775.3,1976.977
run_20260501_174749_img_0045,178.659,1777.921,1956.58
run_20260501_174749_img_0046,192.361,1780.869,1973.231
run_20260501_174749_img_0047,205.937,1768.677,1974.614
run_20260501_174749_img_0048,181.538,1781.079,1962.617
run_20260501_174749_img_0049,204.641,1769.537,1974.178
run_20260501_174749_img_0050,177.059,1772.092,1949.151
run_20260501_174749_img_0051,190.255,1784.061,1974.316
run_20260501_174749_img_0052,202.479,1768.275,1970.754
run_20260501_174749_img_0053,181.31,1782.443,1963.753
run_20260501_174749_img_0054,205.968,1770.342,1976.31
run_20260501_174749_img_0055,141.323,1771.851,1913.173
run_20260501_174749_img_0056,153.763,1775.687,1929.449
run_20260501_174749_img_0057,167.45,1778.235,1945.685
run_20260501_174749_img_0058,144.525,1770.326,1914.851
run_20260501_174749_img_0059,145.11,1774.85,1919.96
run_20260501_174749_img_0060,145.802,1773.826,1919.628
run_20260501_174749_img_0061,148.659,1778.696,1927.354
run_20260501_174749_img_0062,124.531,1769.789,1894.32
run_20260501_174749_img_0063,132.039,1779.178,1911.217
run_20260501_174749_img_0064,126.733,1775.985,1902.718
run_20260501_174749_img_0065,116.444,1770.561,1887.004
run_20260501_174749_img_0066,120.291,1778.831,1899.122
run_20260501_174749_img_0067,124.872,1772.577,1897.448
run_20260501_174749_img_0068,135.995,1773.857,1909.852
run_20260501_174749_img_0069,142.43,1773.323,1915.753
run_20260501_174749_img_0070,146.926,1778.009,1924.935
run_20260501_174749_img_0071,147.779,1907.991,2055.77
run_20260501_174749_img_0072,147.075,1780.303,1927.378
run_20260501_174749_img_0073,141.706,1776.962,1918.668
run_20260501_174749_img_0074,142.697,1788.166,1930.863
run_20260501_174749_img_0075,140.744,1771.086,1911.83
run_20260501_174749_img_0076,136.208,1808.826,1945.035
run_20260501_174749_img_0077,143.829,1797.571,1941.4
run_20260501_174749_img_0078,139.956,1773.585,1913.541
run_20260501_174749_img_0079,137.144,1780.985,1918.129
run_20260501_174749_img_0080,141.673,1776.232,1917.905
run_20260501_174749_img_0081,139.844,1773.792,1913.637
run_20260501_174749_img_0082,195.196,1782.748,1977.945
run_20260501_174749_img_0083,216.016,1770.194,1986.211
run_20260501_174749_img_0084,186.703,1873.358,2060.061
run_20260501_174749_img_0085,220.372,1781.434,2001.806
run_20260501_174749_img_0086,224.38,1775.798,2000.178
run_20260501_174749_img_0087,194.693,1776.331,1971.024
run_20260501_174749_img_0088,216.151,1813.542,2029.694
run_20260501_174749_img_0089,122.973,1811.075,1934.048
run_20260501_174749_img_0090,136.99,1810.048,1947.037
run_20260501_174749_img_0091,149.282,1810.414,1959.696
run_20260501_174749_img_0092,122.369,1807.363,1929.732
run_20260501_174749_img_0093,123.333,1808.341,1931.674
run_20260501_174749_img_0094,123.807,1809.958,1933.764
run_20260501_174749_img_0095,121.938,1822.998,1944.936
run_20260501_174749_img_0096,127.117,1808.035,1935.152
run_20260501_174749_img_0097,130.437,1806.717,1937.153
run_20260501_174749_img_0098,129.871,1812.637,1942.508
run_20260501_174749_img_0099,133.849,1805.712,1939.561
run_20260501_174749_img_0100,146.902,1811.545,1958.447
run_20260501_174749_img_0101,144.679,1807.898,1952.578
run_20260501_174749_img_0102,149.847,1807.136,1956.983
run_20260501_174749_img_0103,144.554,1812.001,1956.554
run_20260501_174749_img_0104,144.209,1806.824,1951.033
run_20260501_174749_img_0105,146.642,1821.6,1968.242
run_20260501_174749_img_0106,142.243,1824.44,1966.683
run_20260501_174749_img_0107,142.719,1808.229,1950.947
run_20260501_174749_img_0108,144.436,1806.21,1950.647
run_20260501_174749_img_0109,146.048,1813.144,1959.191
run_20260501_174749_img_0110,145.813,1808.533,1954.346
run_20260501_174749_img_0111,148.464,1808.367,1956.831
run_20260501_174749_img_0112,145.982,1815.274,1961.256
run_20260501_174749_img_0113,136.856,1816.772,1953.628
run_20260501_174749_img_0114,150.02,1974.009,2124.029
run_20260501_174749_img_0115,143.818,1814.101,1957.918
run_20260501_174749_img_0116,148.092,1806.843,1954.935
run_20260501_174749_img_0117,142.851,1864.619,2007.47
run_20260501_174749_img_0118,147.568,1810.473,1958.041
run_20260501_174749_img_0119,145.256,1806.892,1952.147
run_20260501_174749_img_0120,143.899,1804.296,1948.195
run_20260501_174749_img_0121,148.147,1818.381,1966.528
run_20260501_174749_img_0122,142.17,1809.191,1951.362
run_20260501_174749_img_0123,147.263,1810.732,1957.995
run_20260501_174749_img_0124,146.42,1805.64,1952.061
run_20260501_174749_img_0125,145.411,1800.639,1946.05
run_20260501_174749_img_0126,145.437,1802.699,1948.135
run_20260501_174749_img_0127,143.477,1802.916,1946.392
run_20260501_174749_img_0128,145.225,1801.373,1946.598
run_20260501_174749_img_0129,144.473,1810.643,1955.116
run_20260501_174749_img_0130,146.749,1805.377,1952.126
run_20260501_174749_img_0131,147.406,1801.837,1949.243
run_20260501_174749_img_0132,149.752,1801.079,1950.831
run_20260501_174749_img_0133,147.614,1804.087,1951.701
run_20260501_174749_img_0134,145.801,1798.067,1943.868
run_20260501_174749_img_0135,141.413,1794.356,1935.769
run_20260501_174749_img_0136,144.484,1834.822,1979.306
run_20260501_174749_img_0137,148.743,1813.301,1962.045
run_20260501_174749_img_0138,149.664,1805.414,1955.078
run_20260501_174749_img_0139,143.785,1800.954,1944.738
run_20260501_174749_img_0140,141.561,1805.829,1947.39
run_20260501_174749_img_0141,143.157,1795.448,1938.605
run_20260501_174749_img_0142,142.643,1804.633,1947.276
run_20260501_174749_img_0143,147.795,1799.329,1947.125
run_20260501_174749_img_0144,146.482,1802.426,1948.908
run_20260501_174749_img_0145,144.225,1812.06,1956.286
run_20260501_174749_img_0146,139.054,1803.397,1942.451
run_20260501_174749_img_0147,146.621,1799.878,1946.498
run_20260501_174749_img_0148,144.293,1807.524,1951.817
run_20260501_174749_img_0149,145.784,1797.688,1943.472
run_20260501_174749_img_0150,146.284,1807.793,1954.077
run_20260501_174749_img_0151,147.801,1807.45,1955.251
run_20260501_174749_img_0152,140.555,1803.586,1944.141
run_20260501_174749_img_0153,151.77,1809.506,1961.276
run_20260501_174749_img_0154,143.531,1804.802,1948.333
run_20260501_174749_img_0155,143.755,1800.275,1944.03
run_20260501_174749_img_0156,142.371,1805.739,1948.11
run_20260501_174749_img_0157,148.95,1801.631,1950.582
run_20260501_174749_img_0158,141.735,1801.882,1943.617
run_20260501_174749_img_0159,144.241,1794.876,1939.117
run_20260501_174749_img_0160,144.741,1802.718,1947.459
run_20260501_174749_img_0161,147.186,1809.48,1956.667
run_20260501_174749_img_0162,147.719,1799.217,1946.935
run_20260501_174749_img_0163,146.902,1799.977,1946.879
run_20260501_174749_img_0164,142.775,1801.953,1944.728
run_20260501_174749_img_0165,145.337,1798.768,1944.105
run_20260501_174749_img_0166,146.378,1805.733,1952.112
run_20260501_174749_img_0167,147.113,1795.776,1942.889
run_20260501_174749_img_0168,143.606,1800.199,1943.805
run_20260501_174749_img_0169,145.997,1808.84,1954.836
run_20260501_174749_img_0170,146.334,1801.168,1947.502
run_20260501_174749_img_0171,145.118,1800.631,1945.749
run_20260501_174749_img_0172,143.412,1812.101,1955.513
run_20260501_174749_img_0173,141.397,1797.492,1938.89
run_20260501_174749_img_0174,141.529,1802.531,1944.061
run_20260501_174749_img_0175,143.346,1798.701,1942.048
run_20260501_174749_img_0176,143.669,1798.909,1942.578
run_20260501_174749_img_0177,142.949,1808.516,1951.466
run_20260501_174749_img_0178,132.575,1804.055,1936.631
run_20260501_174749_img_0179,128.426,1795.805,1924.231
run_20260501_174749_img_0180,139.431,1799.244,1938.675
run_20260501_174749_img_0181,130.653,1799.574,1930.227
run_20260501_174749_img_0182,147.46,1800.444,1947.904
run_20260501_174749_img_0183,147.359,1798.129,1945.488
run_20260501_174749_img_0184,147.919,1805.121,1953.04
run_20260501_174749_img_0185,149.149,1808.849,1957.998
run_20260501_174749_img_0186,147.042,1801.582,1948.625
run_20260501_174749_img_0187,147.207,1803.894,1951.101
run_20260501_174749_img_0188,144.654,1803.184,1947.839
run_20260501_174749_img_0189,147.813,1797.078,1944.891
run_20260501_174749_img_0190,149.173,1802.18,1951.353
run_20260501_174749_img_0191,150.99,1796.566,1947.556
run_20260501_174749_img_0192,153.566,1799.308,1952.875
run_20260501_174749_img_0193,148.06,1808.657,1956.717
run_20260501_174749_img_0194,149.185,1801.542,1950.727
run_20260501_174749_img_0195,146.561,1795.457,1942.017
run_20260501_174749_img_0196,149.43,1827.638,1977.068
run_20260501_174749_img_0197,148.487,1798.66,1947.147
run_20260501_174749_img_0198,148.482,1800.787,1949.269
run_20260501_174749_img_0199,147.902,1797.022,1944.924
run_20260501_174749_img_0200,148.652,1804.632,1953.284
run_20260501_174749_img_0201,149.294,1803.646,1952.94
run_20260501_174749_img_0202,147.941,1800.291,1948.232
run_20260501_174749_img_0203,147.525,1797.604,1945.129
run_20260501_174749_img_0204,152.087,1801.469,1953.556
run_20260501_174749_img_0205,150.161,1799.199,1949.36
run_20260501_174749_img_0206,149.09,1801.61,1950.7
run_20260501_174749_img_0207,147.613,1793.602,1941.216
run_20260501_174749_img_0208,150.591,1799.161,1949.752
run_20260501_174749_img_0209,152.53,1805.947,1958.476
run_20260501_174749_img_0210,150.239,1801.374,1951.613
run_20260501_174749_img_0211,148.705,1798.394,1947.099
run_20260501_174749_img_0212,146.244,1801.889,1948.133
run_20260501_174749_img_0213,149.897,1793.961,1943.858
run_20260501_174749_img_0214,147.037,1804.377,1951.414
run_20260501_174749_img_0215,150.366,1794.343,1944.708
run_20260501_174749_img_0216,149.163,1799.949,1949.112
run_20260501_174749_img_0217,148.48,1807.278,1955.758
run_20260501_174749_img_0218,148.756,1800.257,1949.013
run_20260501_174749_img_0219,146.495,1797.683,1944.179
run_20260501_174749_img_0220,151.227,1800.412,1951.639
run_20260501_174749_img_0221,143.895,1795.431,1939.326
run_20260501_174749_img_0222,147.114,1799.936,1947.05
run_20260501_174749_img_0223,185.399,1800.205,1985.604
run_20260501_174749_img_0224,160.896,1799.683,1960.579
run_20260501_174749_img_0225,163.199,1806.071,1969.27
run_20260501_174749_img_0226,165.999,1827.274,1993.273
run_20260501_174749_img_0227,181.288,1799.724,1981.012
run_20260501_174749_img_0228,186.216,1802.343,1988.559
run_20260501_174749_img_0229,159.364,1804.938,1964.302
run_20260501_174749_img_0230,159.55,1824.64,1984.19
run_20260501_174749_img_0231,183.657,1798.722,1982.379
run_20260501_174749_img_0232,161.508,1808.86,1970.368
run_20260501_174749_img_0233,155.896,1811.303,1967.2
run_20260501_174749_img_0234,162.761,1802.361,1965.122
run_20260501_174749_img_0235,161.838,1801.866,1963.705
run_20260501_174749_img_0236,161.752,1799.204,1960.956
run_20260501_174749_img_0237,163.11,1795.936,1959.046
run_20260501_174749_img_0238,163.04,1803.457,1966.497
run_20260501_174749_img_0239,165.337,1799.219,1964.556
run_20260501_174749_img_0240,155.283,1799.363,1954.646
run_20260501_174749_img_0241,156.872,1809.537,1966.409
run_20260501_174749_img_0242,173.493,1801.473,1974.966
run_20260501_174749_img_0243,161.682,1795.606,1957.288
run_20260501_174749_img_0244,160.262,1808.061,1968.324
run_20260501_174749_img_0245,164.835,1817.548,1982.382
run_20260501_174749_img_0246,187.169,1798.85,1986.018
run_20260501_174749_img_0247,185.342,1803.216,1988.558
run_20260501_174749_img_0248,162.944,1803.214,1966.158
run_20260501_174749_img_0249,162.942,1821.839,1984.78
run_20260501_174749_img_0250,186.957,1803.175,1990.132
run_20260501_174749_img_0251,164.927,1802.955,1967.883
run_20260501_174749_img_0252,162.306,1802.1,1964.406
run_20260501_174749_img_0253,159.924,1801.814,1961.738
run_20260501_174749_img_0254,160.774,1799.423,1960.197
run_20260501_174749_img_0255,159.486,1800.965,1960.452
run_20260501_174749_img_0256,165.69,1828.398,1994.088
run_20260501_174749_img_0257,163.276,1806.799,1970.075
run_20260501_174749_img_0258,162.47,1803.07,1965.54
run_20260501_174749_img_0259,162.703,1833.583,1996.286
run_20260501_174749_img_0260,153.058,1803.878,1956.937
run_20260501_174749_img_0261,156.542,1802.711,1959.253
run_20260501_174749_img_0262,159.015,1805.611,1964.625
run_20260501_174749_img_0263,158.761,1796.033,1954.793
run_20260501_174749_img_0264,162.948,1803.397,1966.345
run_20260501_174749_img_0265,156.936,1806.226,1963.162
run_20260501_174749_img_0266,158.31,1803.407,1961.717
run_20260501_174749_img_0267,154.707,1808.788,1963.495
run_20260501_174749_img_0268,146.93,1804.962,1951.892
run_20260501_174749_img_0269,153.773,1798.374,1952.147
run_20260501_174749_img_0270,156.484,1799.929,1956.413
run_20260501_174749_img_0271,159.51,1800.551,1960.061
run_20260501_174749_img_0272,164.792,1802.944,1967.736
run_20260501_174749_img_0273,159.139,1799.161,1958.3
run_20260501_174749_img_0274,165.894,1804.099,1969.993
run_20260501_174749_img_0275,164.232,1809.707,1973.939
run_20260501_174749_img_0276,164.974,1803.111,1968.085
run_20260501_174749_img_0277,162.914,1800.309,1963.223
run_20260501_174749_img_0278,165.055,1800.045,1965.1
run_20260501_174749_img_0279,163.75,1801.018,1964.767
run_20260501_174749_img_0280,165.76,1809.726,1975.486
run_20260501_174749_img_0281,163.204,1800.552,1963.756
run_20260501_174749_img_0282,161.646,1799.25,1960.895
run_20260501_174749_img_0283,159.935,1798.957,1958.892
run_20260501_174749_img_0284,161.638,1803.027,1964.665
run_20260501_174749_img_0285,162.508,1797.944,1960.452
run_20260501_174749_img_0286,158.983,1807.586,1966.568
run_20260501_174749_img_0287,161.413,1797.529,1958.942
run_20260501_174749_img_0288,162.12,1802.652,1964.772
run_20260501_174749_img_0289,158.356,1802.527,1960.883
run_20260501_174749_img_0290,160.449,1804.157,1964.606
run_20260501_180407_img_0001,420.793,1853.999,2274.792
run_20260501_180407_img_0002,178.851,1800.533,1979.384
run_20260501_180407_img_0003,158.974,1775.506,1934.48
run_20260501_180407_img_0004,138.626,1769.807,1908.433
run_20260501_180407_img_0005,146.448,1773.977,1920.425
run_20260501_180407_img_0006,139.237,1766.469,1905.707
run_20260501_180407_img_0007,142.956,1793.775,1936.731
run_20260501_180407_img_0008,167.419,1770.821,1938.24
run_20260501_180407_img_0009,141.834,1769.061,1910.895
run_20260501_180407_img_0010,141.078,1771.022,1912.1
run_20260501_180407_img_0011,155.496,1774.591,1930.087
run_20260501_180407_img_0012,140.772,1771.761,1912.533
run_20260501_180407_img_0013,142.857,1770.176,1913.033
run_20260501_180407_img_0014,113.409,1773.056,1886.466
run_20260501_180407_img_0015,114.397,1787.551,1901.948
run_20260501_180407_img_0016,142.334,1770.059,1912.393
run_20260501_180407_img_0017,118.854,1776.137,1894.991
run_20260501_180407_img_0018,124.407,1768.792,1893.199
run_20260501_180407_img_0019,119.773,1771.261,1891.033
run_20260501_180407_img_0020,119.065,1780.328,1899.393
run_20260501_180407_img_0021,119.725,1775.873,1895.598
run_20260501_180407_img_0022,119.363,1769.121,1888.484
run_20260501_180407_img_0023,125.136,1780.471,1905.607
run_20260501_180407_img_0024,122.475,1770.106,1892.581
run_20260501_180407_img_0025,120.107,1770.124,1890.231
run_20260501_180407_img_0026,118.123,1775.294,1893.417
run_20260501_180407_img_0027,121.219,1768.918,1890.137
run_20260501_180407_img_0028,179.434,1771.662,1951.097
run_20260501_180407_img_0029,204.419,1779.464,1983.884
run_20260501_180407_img_0030,181.805,1768.247,1950.052
run_20260501_180407_img_0031,190.529,1767.978,1958.507
run_20260501_180407_img_0032,205.858,1773.305,1979.163
run_20260501_180407_img_0033,181.683,1778.143,1959.826
run_20260501_180407_img_0034,202.053,1770.136,1972.189
run_20260501_180407_img_0035,179.934,1771.004,1950.939
run_20260501_180407_img_0036,188.223,1778.477,1966.7
run_20260501_180407_img_0037,205.522,1770.317,1975.839
run_20260501_180407_img_0038,181.44,1773.668,1955.108
run_20260501_180407_img_0039,208.387,1775.399,1983.786
run_20260501_180407_img_0040,183.029,1770.612,1953.641
run_20260501_180407_img_0041,192.016,1782.31,1974.326
run_20260501_180407_img_0042,198.581,1771.29,1969.871
run_20260501_180407_img_0043,182.756,1767.956,1950.712
run_20260501_180407_img_0044,202.393,1881.302,2083.695
run_20260501_180407_img_0045,179.276,1772.873,1952.149
run_20260501_180407_img_0046,190.009,1770.805,1960.813
run_20260501_180407_img_0047,205.727,1770.858,1976.585
run_20260501_180407_img_0048,180.409,1774.112,1954.521
run_20260501_180407_img_0049,202.007,1775.206,1977.213
run_20260501_180407_img_0050,177.644,1772.731,1950.375
run_20260501_180407_img_0051,190.226,1776.236,1966.462
run_20260501_180407_img_0052,201.563,1795.558,1997.122
run_20260501_180407_img_0053,180.264,1771.51,1951.773
run_20260501_180407_img_0054,205.86,1776.355,1982.215
run_20260501_180407_img_0055,140.043,1770.12,1910.163
run_20260501_180407_img_0056,152.878,1780.04,1932.918
run_20260501_180407_img_0057,168.518,1768.16,1936.678
run_20260501_180407_img_0058,143.717,1767.536,1911.252
run_20260501_180407_img_0059,145.489,1781.635,1927.124
run_20260501_180407_img_0060,141.69,1771.678,1913.367
run_20260501_180407_img_0061,144.439,1770.772,1915.211
run_20260501_180407_img_0062,133.064,1778.753,1911.818
run_20260501_180407_img_0063,129.988,1776.985,1906.973
run_20260501_180407_img_0064,119.014,1777.274,1896.289
run_20260501_180407_img_0065,116.613,1776.75,1893.363
run_20260501_180407_img_0066,118.444,1768.62,1887.064
run_20260501_180407_img_0067,119.594,1774.81,1894.404
run_20260501_180407_img_0068,134.656,1771.477,1906.132
run_20260501_180407_img_0069,141.012,1776.203,1917.215
run_20260501_180407_img_0070,150.233,1788.437,1938.67
run_20260501_180407_img_0071,146.742,1770.804,1917.546
run_20260501_180407_img_0072,142.046,1773.94,1915.986
run_20260501_180407_img_0073,141.787,1774.755,1916.541
run_20260501_180407_img_0074,142.212,1776.333,1918.544
run_20260501_180407_img_0075,147.646,1780.064,1927.711
run_20260501_180407_img_0076,136.197,1768.239,1904.436
run_20260501_180407_img_0077,138.302,1780.922,1919.224
run_20260501_180407_img_0078,144.164,1771.105,1915.269
run_20260501_180407_img_0079,136.521,1775.27,1911.791
run_20260501_180407_img_0080,142.41,1774.921,1917.331
run_20260501_180407_img_0081,139.489,1771.501,1910.99
run_20260501_180407_img_0082,192.17,1773.341,1965.511
run_20260501_180407_img_0083,217.886,1773.343,1991.229
run_20260501_180407_img_0084,186.981,1771.283,1958.264
run_20260501_180407_img_0085,203.158,1776.366,1979.524
run_20260501_180407_img_0086,221.759,1772.215,1993.974
run_20260501_180407_img_0087,194.745,1769.537,1964.282
run_20260501_180407_img_0088,214.482,1798.4,2012.882
run_20260501_180407_img_0089,123.596,1792.907,1916.503
run_20260501_180407_img_0090,135.623,1794.979,1930.603
run_20260501_180407_img_0091,151.394,1789.699,1941.093
run_20260501_180407_img_0092,129.475,1788.962,1918.437
run_20260501_180407_img_0093,133.227,1795.532,1928.759
run_20260501_180407_img_0094,125.683,1790.061,1915.744
run_20260501_180407_img_0095,126.104,1798.054,1924.157
run_20260501_180407_img_0096,121.193,1792.948,1914.141
run_20260501_180407_img_0097,121.619,1794.33,1915.949
run_20260501_180407_img_0098,122.125,1797.272,1919.396
run_20260501_180407_img_0099,125.321,1796.177,1921.497
run_20260501_180407_img_0100,145.864,1788.84,1934.704
run_20260501_180407_img_0101,141.087,1798.087,1939.174
run_20260501_180407_img_0102,144.767,1793.421,1938.188
run_20260501_180407_img_0103,143.152,1788.256,1931.409
run_20260501_180407_img_0104,146.491,1793.009,1939.5
run_20260501_180407_img_0105,146.427,1790.599,1937.026
run_20260501_180407_img_0106,143.92,1794.11,1938.03
run_20260501_180407_img_0107,146.531,1792.816,1939.347
run_20260501_180407_img_0108,145.045,1792.317,1937.362
run_20260501_180407_img_0109,143.899,1789.174,1933.073
run_20260501_180407_img_0110,145.69,1791.233,1936.923
run_20260501_180407_img_0111,147.219,1802.38,1949.598
run_20260501_180407_img_0112,145.166,1790.803,1935.969
run_20260501_180407_img_0113,136.271,1817.457,1953.728
run_20260501_180407_img_0114,151.345,1800.232,1951.577
run_20260501_180407_img_0115,143.443,1880.376,2023.819
run_20260501_180407_img_0116,144.704,1797.671,1942.375
run_20260501_180407_img_0117,141.956,1797.142,1939.098
run_20260501_180407_img_0118,146.087,1788.903,1934.991
run_20260501_180407_img_0119,145.37,1790.269,1935.639
run_20260501_180407_img_0120,141.628,1796.675,1938.303
run_20260501_180407_img_0121,142.621,1793.246,1935.867
run_20260501_180407_img_0122,147.293,1791.683,1938.976
run_20260501_180407_img_0123,146.088,1795.799,1941.887
run_20260501_180407_img_0124,145.619,1798.251,1943.87
run_20260501_180407_img_0125,146.302,1796.475,1942.777
run_20260501_180407_img_0126,145.72,1795.735,1941.456
run_20260501_180407_img_0127,145.221,1794.72,1939.941
run_20260501_180407_img_0128,141.677,1789.838,1931.515
run_20260501_180407_img_0129,143.25,1804.402,1947.651
run_20260501_180407_img_0130,146.019,1793.982,1940.001
run_20260501_180407_img_0131,145.748,1791.184,1936.932
run_20260501_180407_img_0132,148.358,1802.188,1950.545
run_20260501_180407_img_0133,146.861,1797.764,1944.626
run_20260501_180407_img_0134,145.711,1798.758,1944.469
run_20260501_180407_img_0135,141.75,1795.635,1937.385
run_20260501_180407_img_0136,142.961,1790.738,1933.699
run_20260501_180407_img_0137,148.982,1790.995,1939.978
run_20260501_180407_img_0138,147.076,1797.38,1944.457
run_20260501_180407_img_0139,143.202,1793.366,1936.567
run_20260501_180407_img_0140,141.023,1793.828,1934.851
run_20260501_180407_img_0141,140.455,1798.937,1939.392
run_20260501_180407_img_0142,145.56,1824.625,1970.184
run_20260501_180407_img_0143,141.406,1793.545,1934.952
run_20260501_180407_img_0144,144.333,1795.08,1939.414
run_20260501_180407_img_0145,143.973,1802.796,1946.769
run_20260501_180407_img_0146,143.003,1915.817,2058.82
run_20260501_180407_img_0147,141.543,1805.845,1947.388
run_20260501_180407_img_0148,142.919,1792.251,1935.17
run_20260501_180407_img_0149,140.77,1793.471,1934.241
run_20260501_180407_img_0150,146.187,1796.096,1942.283
run_20260501_180407_img_0151,142.903,1811.433,1954.336
run_20260501_180407_img_0152,143.935,1839.589,1983.523
run_20260501_180407_img_0153,163.696,1797.607,1961.304
run_20260501_180407_img_0154,143.838,1795.877,1939.715
run_20260501_180407_img_0155,143.443,1801.904,1945.347
run_20260501_180407_img_0156,143.465,1803.002,1946.467
run_20260501_180407_img_0157,152.569,1799.517,1952.086
run_20260501_180407_img_0158,141.643,1799.395,1941.039
run_20260501_180407_img_0159,143.089,1795.788,1938.877
run_20260501_180407_img_0160,144.417,1798.544,1942.961
run_20260501_180407_img_0161,142.69,1789.02,1931.71
run_20260501_180407_img_0162,145.698,1795.755,1941.453
run_20260501_180407_img_0163,144.395,1800.948,1945.343
run_20260501_180407_img_0164,142.844,1791.252,1934.096
run_20260501_180407_img_0165,145.403,1801.802,1947.205
run_20260501_180407_img_0166,149.327,1794.71,1944.037
run_20260501_180407_img_0167,144.83,1789.767,1934.597
run_20260501_180407_img_0168,147.593,1798.986,1946.579
run_20260501_180407_img_0169,144.337,1797.413,1941.75
run_20260501_180407_img_0170,143.218,1790.102,1933.32
run_20260501_180407_img_0171,149.627,1806.215,1955.842
run_20260501_180407_img_0172,144.39,1794.101,1938.491
run_20260501_180407_img_0173,140.632,1809.35,1949.982
run_20260501_180407_img_0174,141.565,1816.814,1958.379
run_20260501_180407_img_0175,141.919,1796.15,1938.069
run_20260501_180407_img_0176,145.201,1799.242,1944.443
run_20260501_180407_img_0177,144.547,1800.912,1945.46
run_20260501_180407_img_0178,129.934,1796.392,1926.326
run_20260501_180407_img_0179,132.839,1801.067,1933.906
run_20260501_180407_img_0180,129.175,1793.659,1922.834
run_20260501_180407_img_0181,122.632,1800.389,1923.022
run_20260501_180407_img_0182,148.535,1789.259,1937.794
run_20260501_180407_img_0183,148.112,1794.711,1942.823
run_20260501_180407_img_0184,151.347,1796.323,1947.67
run_20260501_180407_img_0185,148.364,1792.902,1941.266
run_20260501_180407_img_0186,147.309,1797.725,1945.034
run_20260501_180407_img_0187,150.106,1794.09,1944.196
run_20260501_180407_img_0188,145.128,1793.057,1938.185
run_20260501_180407_img_0189,150.505,1794.627,1945.132
run_20260501_180407_img_0190,149.293,1790.838,1940.132
run_20260501_180407_img_0191,151.775,1797.879,1949.654
run_20260501_180407_img_0192,153.377,1792.42,1945.797
run_20260501_180407_img_0193,148.582,1799.149,1947.731
run_20260501_180407_img_0194,148.623,1802.459,1951.082
run_20260501_180407_img_0195,145.112,1794.562,1939.674
run_20260501_180407_img_0196,149.294,1796.496,1945.789
run_20260501_180407_img_0197,148.905,1788.193,1937.098
run_20260501_180407_img_0198,151.465,1790.074,1941.539
run_20260501_180407_img_0199,148.547,1803.01,1951.557
run_20260501_180407_img_0200,148.753,1786.51,1935.262
run_20260501_180407_img_0201,148.632,1798.337,1946.968
run_20260501_180407_img_0202,147.112,1803.969,1951.081
run_20260501_180407_img_0203,146.985,1792.106,1939.091
run_20260501_180407_img_0204,158.506,1798.212,1956.718
run_20260501_180407_img_0205,151.879,1799.706,1951.585
run_20260501_180407_img_0206,149.854,1789.537,1939.391
run_20260501_180407_img_0207,148.732,1798.928,1947.66
run_20260501_180407_img_0208,149.595,1797.313,1946.907
run_20260501_180407_img_0209,152.598,1800.998,1953.596
run_20260501_180407_img_0210,151.083,1797.103,1948.186
run_20260501_180407_img_0211,148.356,1799.216,1947.573
run_20260501_180407_img_0212,147.482,1797.49,1944.972
run_20260501_180407_img_0213,147.403,1792.503,1939.905
run_20260501_180407_img_0214,148.739,1798.13,1946.869
run_20260501_180407_img_0215,151.306,1793.277,1944.583
run_20260501_180407_img_0216,151.211,1789.816,1941.027
run_20260501_180407_img_0217,146.741,1803.097,1949.838
run_20260501_180407_img_0218,148.613,1793.223,1941.836
run_20260501_180407_img_0219,146.739,1791.733,1938.471
run_20260501_180407_img_0220,150.446,1802.847,1953.293
run_20260501_180407_img_0221,143.042,1800.278,1943.32
run_20260501_180407_img_0222,145.652,1805.364,1951.016
run_20260501_180407_img_0223,185.706,1810.995,1996.701
run_20260501_180407_img_0224,159.795,1793.327,1953.122
run_20260501_180407_img_0225,161.778,1801.421,1963.199
run_20260501_180407_img_0226,165.198,1822.706,1987.904
run_20260501_180407_img_0227,180.852,1804.261,1985.113
run_20260501_180407_img_0228,185.821,1795.658,1981.479
run_20260501_180407_img_0229,159.618,1796.159,1955.776
run_20260501_180407_img_0230,158.978,1829.546,1988.524
run_20260501_180407_img_0231,182.76,1793.795,1976.556
run_20260501_180407_img_0232,160.701,1801.619,1962.321
run_20260501_180407_img_0233,156.488,1795.836,1952.324
run_20260501_180407_img_0234,162.706,1813.17,1975.876
run_20260501_180407_img_0235,162.152,1811.7,1973.851
run_20260501_180407_img_0236,162.853,1793.864,1956.717
run_20260501_180407_img_0237,163.71,1800.682,1964.391
run_20260501_180407_img_0238,162.89,1800.813,1963.704
run_20260501_180407_img_0239,166.94,1794.745,1961.685
run_20260501_180407_img_0240,155.131,1795.765,1950.896
run_20260501_180407_img_0241,159.308,1801.698,1961.006
run_20260501_180407_img_0242,175.053,1791.031,1966.085
run_20260501_180407_img_0243,163.786,1798.475,1962.261
run_20260501_180407_img_0244,160.753,1793.045,1953.798
run_20260501_180407_img_0245,162.403,1823.203,1985.606
run_20260501_180407_img_0246,186.812,1796.125,1982.937
run_20260501_180407_img_0247,184.489,1802.667,1987.156
run_20260501_180407_img_0248,161.841,1794.933,1956.774
run_20260501_180407_img_0249,161.165,1821.583,1982.747
run_20260501_180407_img_0250,185.701,1805.143,1990.844
run_20260501_180407_img_0251,162.518,1801.904,1964.422
run_20260501_180407_img_0252,162.284,1794.747,1957.032
run_20260501_180407_img_0253,159.46,1803.335,1962.795
run_20260501_180407_img_0254,161.408,1789.204,1950.612
run_20260501_180407_img_0255,160.707,1798.087,1958.794
run_20260501_180407_img_0256,166.539,1797.41,1963.949
run_20260501_180407_img_0257,163.016,1798.746,1961.762
run_20260501_180407_img_0258,160.861,1802.876,1963.738
run_20260501_180407_img_0259,163.513,1797.771,1961.284
run_20260501_180407_img_0260,153.929,1790.638,1944.567
run_20260501_180407_img_0261,160.999,1795.559,1956.557
run_20260501_180407_img_0262,161.166,1793.056,1954.222
run_20260501_180407_img_0263,160.589,1796.334,1956.923
run_20260501_180407_img_0264,163.178,1793.467,1956.645
run_20260501_180407_img_0265,157.487,1795.072,1952.559
run_20260501_180407_img_0266,158.647,1797.693,1956.34
run_20260501_180407_img_0267,155.651,1794.817,1950.467
run_20260501_180407_img_0268,147.026,1810.494,1957.52
run_20260501_180407_img_0269,154.773,1795.401,1950.174
run_20260501_180407_img_0270,157.811,1796.196,1954.007
run_20260501_180407_img_0271,159.695,1803.06,1962.755
run_20260501_180407_img_0272,163.535,1794.172,1957.707
run_20260501_180407_img_0273,160.003,1802.17,1962.173
run_20260501_180407_img_0274,165.624,1802.093,1967.717
run_20260501_180407_img_0275,164.341,1797.829,1962.17
run_20260501_180407_img_0276,164.534,1804.518,1969.052
run_20260501_180407_img_0277,166.898,1802.866,1969.764
run_20260501_180407_img_0278,165.116,1801.774,1966.889
run_20260501_180407_img_0279,165.233,1799.332,1964.565
run_20260501_180407_img_0280,166.19,1795.416,1961.606
run_20260501_180407_img_0281,165.32,1806.892,1972.212
run_20260501_180407_img_0282,164.547,1794.771,1959.318
run_20260501_180407_img_0283,161.708,1801.161,1962.869
run_20260501_180407_img_0284,162.698,1798.727,1961.425
run_20260501_180407_img_0285,163.032,1792.497,1955.528
run_20260501_180407_img_0286,159.219,1799.752,1958.971
run_20260501_180407_img_0287,160.613,1795.372,1955.985
run_20260501_180407_img_0288,162.093,1793.168,1955.261
run_20260501_180407_img_0289,160.545,1805.194,1965.74
run_20260501_180407_img_0290,161.079,1794.908,1955.986
run_20260501_181904_img_0001,424.844,1865.448,2290.292
run_20260501_181904_img_0002,180.069,1788.346,1968.415
run_20260501_181904_img_0003,154.974,1768.826,1923.8
run_20260501_181904_img_0004,139.54,1763.512,1903.052
run_20260501_181904_img_0005,146.898,1758.599,1905.498
run_20260501_181904_img_0006,141.022,1771.321,1912.343
run_20260501_181904_img_0007,144.366,1781.376,1925.742
run_20260501_181904_img_0008,168.28,1761.937,1930.217
run_20260501_181904_img_0009,142.103,1757.899,1900.002
run_20260501_181904_img_0010,140.463,1782.328,1922.792
run_20260501_181904_img_0011,157.502,1757.962,1915.464
run_20260501_181904_img_0012,142.703,1762.535,1905.238
run_20260501_181904_img_0013,142.238,1769.07,1911.309
run_20260501_181904_img_0014,116.076,1771.501,1887.577
run_20260501_181904_img_0015,116.072,1780.606,1896.678
run_20260501_181904_img_0016,144.492,1754.437,1898.929
run_20260501_181904_img_0017,119.491,1769.055,1888.546
run_20260501_181904_img_0018,119.807,1773.583,1893.391
run_20260501_181904_img_0019,123.714,1758.969,1882.683
run_20260501_181904_img_0020,118.469,1758.07,1876.54
run_20260501_181904_img_0021,122.473,1764.759,1887.232
run_20260501_181904_img_0022,122.523,1772.914,1895.437
run_20260501_181904_img_0023,128.72,1761.12,1889.84
run_20260501_181904_img_0024,130.152,1761.071,1891.224
run_20260501_181904_img_0025,119.616,1787.639,1907.255
run_20260501_181904_img_0026,122.12,1766.645,1888.765
run_20260501_181904_img_0027,125.725,1767.967,1893.693
run_20260501_181904_img_0028,181.006,1764.992,1945.997
run_20260501_181904_img_0029,205.582,1765.356,1970.939
run_20260501_181904_img_0030,183.462,1759.146,1942.608
run_20260501_181904_img_0031,192.279,1773.525,1965.804
run_20260501_181904_img_0032,206.455,1761.087,1967.542
run_20260501_181904_img_0033,183.872,1761.443,1945.315
run_20260501_181904_img_0034,200.967,1775.455,1976.421
run_20260501_181904_img_0035,181.283,1756.057,1937.339
run_20260501_181904_img_0036,189.644,1767.983,1957.627
run_20260501_181904_img_0037,208.328,1768.943,1977.272
run_20260501_181904_img_0038,182.869,1764.821,1947.689
run_20260501_181904_img_0039,205.689,1763.782,1969.471
run_20260501_181904_img_0040,183.706,1764.169,1947.875
run_20260501_181904_img_0041,193.577,1767.133,1960.709
run_20260501_181904_img_0042,199.411,1766.785,1966.196
run_20260501_181904_img_0043,183.662,1765.382,1949.044
run_20260501_181904_img_0044,202.287,1764.051,1966.338
run_20260501_181904_img_0045,179.53,1762.338,1941.868
run_20260501_181904_img_0046,191.824,1760.771,1952.595
run_20260501_181904_img_0047,208.109,1769.893,1978.002
run_20260501_181904_img_0048,181.676,1758.822,1940.497
run_20260501_181904_img_0049,203.462,1769.588,1973.051
run_20260501_181904_img_0050,180.309,1757.439,1937.748
run_20260501_181904_img_0051,191.545,1768.089,1959.633
run_20260501_181904_img_0052,202.904,1771.039,1973.943
run_20260501_181904_img_0053,182.455,1756.127,1938.582
run_20260501_181904_img_0054,206.6,1767.595,1974.195
run_20260501_181904_img_0055,151.837,1760.738,1912.575
run_20260501_181904_img_0056,153.245,1761.644,1914.889
run_20260501_181904_img_0057,171.672,1767.706,1939.379
run_20260501_181904_img_0058,151.444,1762.438,1913.882
run_20260501_181904_img_0059,145.837,1761.147,1906.983
run_20260501_181904_img_0060,142.719,1769.691,1912.41
run_20260501_181904_img_0061,144.568,1766.51,1911.078
run_20260501_181904_img_0062,127.654,1764.753,1892.407
run_20260501_181904_img_0063,127.892,1761.241,1889.134
run_20260501_181904_img_0064,120.31,1762.285,1882.594
run_20260501_181904_img_0065,116.502,1771.668,1888.17
run_20260501_181904_img_0066,118.913,1760.104,1879.017
run_20260501_181904_img_0067,123.869,1772.518,1896.386
run_20260501_181904_img_0068,136.028,1668.756,1804.785
run_20260501_181904_img_0069,141.726,1924.299,2066.026
run_20260501_181904_img_0070,147.692,1767.684,1915.376
run_20260501_181904_img_0071,143.267,1786.876,1930.142
run_20260501_181904_img_0072,141.86,1669.781,1811.641
run_20260501_181904_img_0073,142.178,1775.082,1917.26
run_20260501_181904_img_0074,142.346,1764.579,1906.925
run_20260501_181904_img_0075,146.97,1768.345,1915.315
run_20260501_181904_img_0076,136.336,1767.409,1903.745
run_20260501_181904_img_0077,137.978,1762.78,1900.758
run_20260501_181904_img_0078,139.162,1767.738,1906.9
run_20260501_181904_img_0079,136.313,1764.888,1901.201
run_20260501_181904_img_0080,139.223,1763.1,1902.323
run_20260501_181904_img_0081,139.254,1761.654,1900.909
run_20260501_181904_img_0082,193.119,1760.421,1953.539
run_20260501_181904_img_0083,218.911,1763.235,1982.147
run_20260501_181904_img_0084,186.417,1760.273,1946.69
run_20260501_181904_img_0085,203.676,1661.818,1865.494
run_20260501_181904_img_0086,223.84,1767.157,1990.998
run_20260501_181904_img_0087,195.326,1758.419,1953.745
run_20260501_181904_img_0088,216.513,1824.498,2041.01
run_20260501_181904_img_0089,124.266,1816.249,1940.515
run_20260501_181904_img_0090,131.736,1833.394,1965.13
run_20260501_181904_img_0091,147.431,1825.63,1973.061
run_20260501_181904_img_0092,126.959,1833.141,1960.1
run_20260501_181904_img_0093,128.098,1820.589,1948.687
run_20260501_181904_img_0094,121.647,1819.306,1940.954
run_20260501_181904_img_0095,126.556,1818.265,1944.821
run_20260501_181904_img_0096,124.782,1827.754,1952.536
run_20260501_181904_img_0097,122.693,1816.98,1939.673
run_20260501_181904_img_0098,129.647,1818.765,1948.411
run_20260501_181904_img_0099,132.145,1826.487,1958.631
run_20260501_181904_img_0100,146.038,1730.649,1876.687
run_20260501_181904_img_0101,142.979,1829.912,1972.891
run_20260501_181904_img_0102,144.281,1820.546,1964.827
run_20260501_181904_img_0103,145.592,1823.773,1969.365
run_20260501_181904_img_0104,145.772,1834.127,1979.899
run_20260501_181904_img_0105,150.861,1817.953,1968.814
run_20260501_181904_img_0106,74.307,1815.163,1889.47
run_20260501_181904_img_0107,142.368,1818.05,1960.418
run_20260501_181904_img_0108,145.271,1815.261,1960.532
run_20260501_181904_img_0109,144.748,1819.925,1964.673
run_20260501_181904_img_0110,146.408,1818.893,1965.301
run_20260501_181904_img_0111,147.964,1826.035,1973.999
run_20260501_181904_img_0112,146.246,1821.52,1967.766
run_20260501_181904_img_0113,136.865,1824.748,1961.613
run_20260501_181904_img_0114,148.365,1820.569,1968.934
run_20260501_181904_img_0115,142.962,1820.668,1963.63
run_20260501_181904_img_0116,144.657,1741.134,1885.791
run_20260501_181904_img_0117,142.509,1834.669,1977.178
run_20260501_181904_img_0118,144.663,1825.954,1970.617
run_20260501_181904_img_0119,149.355,1834.374,1983.729
run_20260501_181904_img_0120,143.009,1816.198,1959.207
run_20260501_181904_img_0121,143.191,1820.634,1963.824
run_20260501_181904_img_0122,143.17,1827.324,1970.494
run_20260501_181904_img_0123,146.815,1818.437,1965.251
run_20260501_181904_img_0124,146.842,1829.921,1976.763
run_20260501_181904_img_0125,149.627,1825.251,1974.878
run_20260501_181904_img_0126,146.652,1834.559,1981.211
run_20260501_181904_img_0127,144.715,1833.866,1978.58
run_20260501_181904_img_0128,146.974,1837.783,1984.757
run_20260501_181904_img_0129,144.3,1835.225,1979.525
run_20260501_181904_img_0130,146.977,1829.703,1976.68
run_20260501_181904_img_0131,148.232,1834.4,1982.631
run_20260501_181904_img_0132,148.302,1862.162,2010.464
run_20260501_181904_img_0133,146.913,1826.546,1973.458
run_20260501_181904_img_0134,147.05,1830.094,1977.144
run_20260501_181904_img_0135,142.136,1830.485,1972.621
run_20260501_181904_img_0136,144.825,1833.289,1978.114
run_20260501_181904_img_0137,146.895,1829.979,1976.874
run_20260501_181904_img_0138,147.683,1831.334,1979.016
run_20260501_181904_img_0139,147.744,1828.453,1976.197
run_20260501_181904_img_0140,144.076,1839.152,1983.229
run_20260501_181904_img_0141,145.437,1826.293,1971.731
run_20260501_181904_img_0142,141.807,1836.258,1978.064
run_20260501_181904_img_0143,147.413,1830.998,1978.412
run_20260501_181904_img_0144,144.896,1826.405,1971.3
run_20260501_181904_img_0145,145.738,1828.409,1974.146
run_20260501_181904_img_0146,140.844,1833.51,1974.353
run_20260501_181904_img_0147,140.736,1828.044,1968.779
run_20260501_181904_img_0148,146.682,1834.095,1980.777
run_20260501_181904_img_0149,144.399,1825.336,1969.735
run_20260501_181904_img_0150,141.059,1836.275,1977.334
run_20260501_181904_img_0151,144.849,1830.345,1975.193
run_20260501_181904_img_0152,141.192,1836.068,1977.26
run_20260501_181904_img_0153,145.361,1825.259,1970.62
run_20260501_181904_img_0154,143.308,1836.003,1979.31
run_20260501_181904_img_0155,140.323,1830.607,1970.93
run_20260501_181904_img_0156,148.481,1832.564,1981.045
run_20260501_181904_img_0157,149.131,1830.157,1979.289
run_20260501_181904_img_0158,142.631,1827.212,1969.843
run_20260501_181904_img_0159,144.96,1826.332,1971.291
run_20260501_181904_img_0160,143.861,1838.843,1982.704
run_20260501_181904_img_0161,145.802,1828.377,1974.179
run_20260501_181904_img_0162,145.474,1833.534,1979.007
run_20260501_181904_img_0163,143.598,1748.782,1892.38
run_20260501_181904_img_0164,146.44,1829.422,1975.862
run_20260501_181904_img_0165,146.759,1882.955,2029.713
run_20260501_181904_img_0166,149.084,1831.318,1980.403
run_20260501_181904_img_0167,145.97,1826.176,1972.146
run_20260501_181904_img_0168,143.302,1837.338,1980.639
run_20260501_181904_img_0169,143.568,1828.439,1972.007
run_20260501_181904_img_0170,143.48,1834.757,1978.237
run_20260501_181904_img_0171,144.8,1829.776,1974.576
run_20260501_181904_img_0172,148.552,1831.483,1980.036
run_20260501_181904_img_0173,140.808,1834.716,1975.524
run_20260501_181904_img_0174,141.158,1828.622,1969.78
run_20260501_181904_img_0175,140.558,1832.489,1973.047
run_20260501_181904_img_0176,145.839,1830.338,1976.177
run_20260501_181904_img_0177,143.773,1825.107,1968.881
run_20260501_181904_img_0178,122.686,1753.225,1875.911
run_20260501_181904_img_0179,127.005,1828.115,1955.12
run_20260501_181904_img_0180,123.001,1839.662,1962.663
run_20260501_181904_img_0181,126.213,1827.334,1953.547
run_20260501_181904_img_0182,147.946,1830.614,1978.56
run_20260501_181904_img_0183,146.816,1838.058,1984.874
run_20260501_181904_img_0184,148.462,1836.96,1985.422
run_20260501_181904_img_0185,149.543,1823.427,1972.97
run_20260501_181904_img_0186,187.391,1835.821,2023.212
run_20260501_181904_img_0187,147.174,1831.535,1978.709
run_20260501_181904_img_0188,145.285,1836.898,1982.182
run_20260501_181904_img_0189,148.157,1821.669,1969.827
run_20260501_181904_img_0190,150.284,1832.741,1983.025
run_20260501_181904_img_0191,152.14,1832.206,1984.346
run_20260501_181904_img_0192,153.679,1849.844,2003.524
run_20260501_181904_img_0193,148.853,1832.562,1981.415
run_20260501_181904_img_0194,149.12,1827.848,1976.968
run_20260501_181904_img_0195,146.282,1824.393,1970.675
run_20260501_181904_img_0196,150.77,1833.436,1984.205
run_20260501_181904_img_0197,149.757,1826.719,1976.476
run_20260501_181904_img_0198,149.66,1840.451,1990.111
run_20260501_181904_img_0199,147.784,1830.453,1978.237
run_20260501_181904_img_0200,147.78,1827.816,1975.596
run_20260501_181904_img_0201,148.785,1832.097,1980.883
run_20260501_181904_img_0202,147.312,1836.306,1983.619
run_20260501_181904_img_0203,147.167,1829.836,1977.004
run_20260501_181904_img_0204,153.559,1822.337,1975.897
run_20260501_181904_img_0205,151.084,1825.622,1976.706
run_20260501_181904_img_0206,149.848,1833.683,1983.53
run_20260501_181904_img_0207,147.82,1828.906,1976.727
run_20260501_181904_img_0208,150.127,1836.747,1986.874
run_20260501_181904_img_0209,153.125,1822.523,1975.648
run_20260501_181904_img_0210,150.616,1827.982,1978.597
run_20260501_181904_img_0211,148.477,1836.45,1984.927
run_20260501_181904_img_0212,146.985,1823.086,1970.071
run_20260501_181904_img_0213,147.066,1826.864,1973.93
run_20260501_181904_img_0214,146.727,1828.575,1975.302
run_20260501_181904_img_0215,149.898,1820.224,1970.122
run_20260501_181904_img_0216,150.591,1836.802,1987.394
run_20260501_181904_img_0217,149.305,1820.797,1970.101
run_20260501_181904_img_0218,81.357,1837.128,1918.485
run_20260501_181904_img_0219,147.136,1828.706,1975.842
run_20260501_181904_img_0220,150.404,1748.353,1898.757
run_20260501_181904_img_0221,143.105,1826.047,1969.152
run_20260501_181904_img_0222,146.073,1829.754,1975.827
run_20260501_181904_img_0223,185.375,1835.291,2020.666
run_20260501_181904_img_0224,160.852,1828.487,1989.339
run_20260501_181904_img_0225,161.324,1825.234,1986.558
run_20260501_181904_img_0226,165.557,1860.891,2026.449
run_20260501_181904_img_0227,182.917,1826.236,2009.152
run_20260501_181904_img_0228,186.47,1831.892,2018.362
run_20260501_181904_img_0229,160.661,1829.293,1989.954
run_20260501_181904_img_0230,159.621,1856.839,2016.46
run_20260501_181904_img_0231,183.142,1835.191,2018.333
run_20260501_181904_img_0232,163.845,1832.808,1996.654
run_20260501_181904_img_0233,155.961,1831.046,1987.006
run_20260501_181904_img_0234,163.577,1830.947,1994.523
run_20260501_181904_img_0235,163.687,1831.458,1995.144
run_20260501_181904_img_0236,162.802,1833.351,1996.153
run_20260501_181904_img_0237,163.642,1827.414,1991.056
run_20260501_181904_img_0238,162.457,1832.495,1994.952
run_20260501_181904_img_0239,165.422,1832.015,1997.436
run_20260501_181904_img_0240,155.029,1833.341,1988.37
run_20260501_181904_img_0241,157.596,1841.963,1999.559
run_20260501_181904_img_0242,174.104,1833.127,2007.23
run_20260501_181904_img_0243,162.16,1842.578,2004.738
run_20260501_181904_img_0244,163.106,1827.44,1990.546
run_20260501_181904_img_0245,164.335,1848.583,2012.919
run_20260501_181904_img_0246,186.644,1833.886,2020.529
run_20260501_181904_img_0247,187.702,1828.772,2016.474
run_20260501_181904_img_0248,162.352,1828.021,1990.372
run_20260501_181904_img_0249,161.931,1854.721,2016.652
run_20260501_181904_img_0250,186.15,1831.796,2017.946
run_20260501_181904_img_0251,162.336,1859.008,2021.344
run_20260501_181904_img_0252,162.875,1839.519,2002.393
run_20260501_181904_img_0253,160.963,1829.124,1990.087
run_20260501_181904_img_0254,161.824,1838.176,2000.0
run_20260501_181904_img_0255,161.387,1825.501,1986.888
run_20260501_181904_img_0256,165.863,1836.184,2002.048
run_20260501_181904_img_0257,163.702,1828.584,1992.286
run_20260501_181904_img_0258,161.974,1837.409,1999.383
run_20260501_181904_img_0259,163.271,1835.568,1998.838
run_20260501_181904_img_0260,153.126,1830.158,1983.284
run_20260501_181904_img_0261,158.313,1837.883,1996.196
run_20260501_181904_img_0262,159.779,1828.069,1987.848
run_20260501_181904_img_0263,159.86,1828.009,1987.869
run_20260501_181904_img_0264,162.736,1844.398,2007.134
run_20260501_181904_img_0265,157.35,1825.57,1982.92
run_20260501_181904_img_0266,158.698,1832.794,1991.492
run_20260501_181904_img_0267,156.155,1829.801,1985.956
run_20260501_181904_img_0268,155.813,1830.732,1986.545
run_20260501_181904_img_0269,154.801,1831.434,1986.235
run_20260501_181904_img_0270,155.111,1834.958,1990.069
run_20260501_181904_img_0271,160.243,1833.755,1993.999
run_20260501_181904_img_0272,164.57,1831.316,1995.886
run_20260501_181904_img_0273,160.498,1829.704,1990.202
run_20260501_181904_img_0274,166.454,1835.996,2002.45
run_20260501_181904_img_0275,165.041,1822.044,1987.084
run_20260501_181904_img_0276,166.934,1838.61,2005.543
run_20260501_181904_img_0277,166.127,1824.189,1990.316
run_20260501_181904_img_0278,166.936,1831.062,1997.999
run_20260501_181904_img_0279,166.671,1839.497,2006.168
run_20260501_181904_img_0280,167.68,1827.101,1994.781
run_20260501_181904_img_0281,165.56,1833.47,1999.03
run_20260501_181904_img_0282,163.601,1835.239,1998.84
run_20260501_181904_img_0283,162.016,1826.267,1988.283
run_20260501_181904_img_0284,163.786,1744.751,1908.538
run_20260501_181904_img_0285,163.356,1826.696,1990.053
run_20260501_181904_img_0286,159.404,1839.446,1998.85
run_20260501_181904_img_0287,160.683,1831.915,1992.598
run_20260501_181904_img_0288,162.734,1745.053,1907.787
run_20260501_181904_img_0289,160.781,1831.725,1992.506
run_20260501_181904_img_0290,161.617,1831.943,1993.56
run_20260501_183332_img_0001,422.654,1865.149,2287.803
run_20260501_183332_img_0002,181.083,1798.373,1979.456
run_20260501_183332_img_0003,155.893,1769.116,1925.009
run_20260501_183332_img_0004,139.284,1767.114,1906.398
run_20260501_183332_img_0005,147.931,1774.05,1921.982
run_20260501_183332_img_0006,140.345,1776.576,1916.922
run_20260501_183332_img_0007,143.437,1794.09,1937.527
run_20260501_183332_img_0008,167.238,1772.079,1939.317
run_20260501_183332_img_0009,141.286,1771.036,1912.322
run_20260501_183332_img_0010,141.452,1766.719,1908.172
run_20260501_183332_img_0011,159.05,1772.453,1931.503
run_20260501_183332_img_0012,141.716,1768.315,1910.031
run_20260501_183332_img_0013,151.013,1770.065,1921.078
run_20260501_183332_img_0014,114.0,1772.404,1886.404
run_20260501_183332_img_0015,113.187,1792.776,1905.963
run_20260501_183332_img_0016,148.609,1767.19,1915.799
run_20260501_183332_img_0017,131.427,1781.597,1913.024
run_20260501_183332_img_0018,126.397,1767.336,1893.734
run_20260501_183332_img_0019,128.286,1765.892,1894.178
run_20260501_183332_img_0020,133.496,1769.119,1902.614
run_20260501_183332_img_0021,118.733,1768.139,1886.872
run_20260501_183332_img_0022,121.568,1772.048,1893.616
run_20260501_183332_img_0023,126.12,1768.329,1894.449
run_20260501_183332_img_0024,123.187,1768.99,1892.177
run_20260501_183332_img_0025,118.863,1774.59,1893.453
run_20260501_183332_img_0026,125.699,1776.382,1902.081
run_20260501_183332_img_0027,122.708,1782.654,1905.362
run_20260501_183332_img_0028,190.874,1772.194,1963.067
run_20260501_183332_img_0029,203.375,1770.307,1973.682
run_20260501_183332_img_0030,182.173,1783.527,1965.7
run_20260501_183332_img_0031,190.906,1776.917,1967.823
run_20260501_183332_img_0032,207.061,1779.816,1986.877
run_20260501_183332_img_0033,182.67,1772.62,1955.29
run_20260501_183332_img_0034,201.461,1771.913,1973.374
run_20260501_183332_img_0035,180.877,1775.525,1956.402
run_20260501_183332_img_0036,188.071,1772.213,1960.284
run_20260501_183332_img_0037,206.957,1773.289,1980.246
run_20260501_183332_img_0038,183.11,1766.596,1949.707
run_20260501_183332_img_0039,207.132,1765.585,1972.717
run_20260501_183332_img_0040,182.745,1774.731,1957.475
run_20260501_183332_img_0041,193.504,1774.248,1967.751
run_20260501_183332_img_0042,197.974,1772.23,1970.204
run_20260501_183332_img_0043,183.873,1778.687,1962.56
run_20260501_183332_img_0044,201.307,1767.078,1968.386
run_20260501_183332_img_0045,180.597,1778.998,1959.594
run_20260501_183332_img_0046,190.915,1768.781,1959.696
run_20260501_183332_img_0047,205.634,1767.152,1972.786
run_20260501_183332_img_0048,183.499,1773.494,1956.993
run_20260501_183332_img_0049,203.727,1767.023,1970.75
run_20260501_183332_img_0050,180.273,1764.989,1945.261
run_20260501_183332_img_0051,192.017,1772.242,1964.26
run_20260501_183332_img_0052,203.508,1772.383,1975.892
run_20260501_183332_img_0053,179.748,1777.045,1956.792
run_20260501_183332_img_0054,206.57,1772.105,1978.675
run_20260501_183332_img_0055,140.359,1771.123,1911.482
run_20260501_183332_img_0056,151.872,1770.746,1922.617
run_20260501_183332_img_0057,166.735,1771.714,1938.449
run_20260501_183332_img_0058,144.643,1799.847,1944.49
run_20260501_183332_img_0059,146.002,1780.965,1926.967
run_20260501_183332_img_0060,141.864,1771.306,1913.17
run_20260501_183332_img_0061,149.428,1781.165,1930.592
run_20260501_183332_img_0062,128.09,2000.897,2128.987
run_20260501_183332_img_0063,123.678,1787.686,1911.364
run_20260501_183332_img_0064,119.879,1765.143,1885.022
run_20260501_183332_img_0065,115.812,1770.237,1886.048
run_20260501_183332_img_0066,119.714,1799.025,1918.739
run_20260501_183332_img_0067,120.174,1804.125,1924.299
run_20260501_183332_img_0068,135.268,1773.331,1908.599
run_20260501_183332_img_0069,141.191,1780.777,1921.967
run_20260501_183332_img_0070,141.976,1770.335,1912.31
run_20260501_183332_img_0071,144.455,1777.753,1922.207
run_20260501_183332_img_0072,141.575,1775.622,1917.197
run_20260501_183332_img_0073,141.191,1775.274,1916.464
run_20260501_183332_img_0074,142.226,1774.165,1916.391
run_20260501_183332_img_0075,145.37,1774.302,1919.672
run_20260501_183332_img_0076,136.552,1776.356,1912.909
run_20260501_183332_img_0077,138.009,1769.942,1907.951
run_20260501_183332_img_0078,146.85,1776.031,1922.882
run_20260501_183332_img_0079,138.96,1778.914,1917.874
run_20260501_183332_img_0080,138.609,1771.267,1909.876
run_20260501_183332_img_0081,141.366,1778.576,1919.942
run_20260501_183332_img_0082,194.113,1771.311,1965.424
run_20260501_183332_img_0083,217.126,1774.004,1991.13
run_20260501_183332_img_0084,187.735,1783.067,1970.802
run_20260501_183332_img_0085,203.88,1772.553,1976.433
run_20260501_183332_img_0086,223.943,1774.067,1998.01
run_20260501_183332_img_0087,194.581,1787.418,1981.999
run_20260501_183332_img_0088,216.381,1790.096,2006.477
run_20260501_183332_img_0089,123.026,1806.683,1929.708
run_20260501_183332_img_0090,132.738,1789.793,1922.531
run_20260501_183332_img_0091,145.66,1782.467,1928.127
run_20260501_183332_img_0092,129.255,1792.084,1921.339
run_20260501_183332_img_0093,133.139,1790.913,1924.052
run_20260501_183332_img_0094,126.937,1792.62,1919.557
run_20260501_183332_img_0095,127.403,1786.957,1914.361
run_20260501_183332_img_0096,132.115,1794.223,1926.338
run_20260501_183332_img_0097,127.886,1790.721,1918.607
run_20260501_183332_img_0098,126.002,1787.34,1913.342
run_20260501_183332_img_0099,123.56,1789.156,1912.716
run_20260501_183332_img_0100,147.171,1791.132,1938.303
run_20260501_183332_img_0101,143.343,1787.495,1930.837
run_20260501_183332_img_0102,138.891,1797.843,1936.734
run_20260501_183332_img_0103,142.421,1788.287,1930.708
run_20260501_183332_img_0104,148.595,1788.444,1937.039
run_20260501_183332_img_0105,147.602,1792.505,1940.107
run_20260501_183332_img_0106,151.494,1790.45,1941.944
run_20260501_183332_img_0107,141.94,1791.193,1933.133
run_20260501_183332_img_0108,144.367,1790.407,1934.775
run_20260501_183332_img_0109,144.141,1786.89,1931.031
run_20260501_183332_img_0110,145.816,1792.677,1938.493
run_20260501_183332_img_0111,147.41,1787.36,1934.77
run_20260501_183332_img_0112,145.508,1784.056,1929.563
run_20260501_183332_img_0113,137.872,1792.671,1930.543
run_20260501_183332_img_0114,147.777,1798.609,1946.386
run_20260501_183332_img_0115,142.047,1796.391,1938.437
run_20260501_183332_img_0116,144.322,1786.77,1931.092
run_20260501_183332_img_0117,142.044,1791.39,1933.435
run_20260501_183332_img_0118,142.553,1793.509,1936.062
run_20260501_183332_img_0119,150.749,1804.53,1955.279
run_20260501_183332_img_0120,144.288,1856.672,2000.96
run_20260501_183332_img_0121,144.137,1784.442,1928.579
run_20260501_183332_img_0122,142.157,1782.541,1924.698
run_20260501_183332_img_0123,147.005,1797.893,1944.898
run_20260501_183332_img_0124,151.61,1787.613,1939.223
run_20260501_183332_img_0125,146.495,1777.769,1924.264
run_20260501_183332_img_0126,145.331,1777.443,1922.774
run_20260501_183332_img_0127,146.946,1779.255,1926.201
run_20260501_183332_img_0128,142.319,1789.309,1931.628
run_20260501_183332_img_0129,146.24,1772.786,1919.027
run_20260501_183332_img_0130,148.218,1781.717,1929.935
run_20260501_183332_img_0131,146.478,1779.806,1926.283
run_20260501_183332_img_0132,149.295,1787.511,1936.806
run_20260501_183332_img_0133,148.425,1784.944,1933.369
run_20260501_183332_img_0134,145.642,1785.213,1930.854
run_20260501_183332_img_0135,142.824,1771.847,1914.671
run_20260501_183332_img_0136,143.835,1791.328,1935.162
run_20260501_183332_img_0137,144.632,1776.146,1920.777
run_20260501_183332_img_0138,145.717,1785.585,1931.302
run_20260501_183332_img_0139,144.479,1780.245,1924.724
run_20260501_183332_img_0140,141.336,1784.448,1925.784
run_20260501_183332_img_0141,143.605,1779.277,1922.881
run_20260501_183332_img_0142,146.407,1785.35,1931.756
run_20260501_183332_img_0143,142.63,1775.207,1917.838
run_20260501_183332_img_0144,143.955,1789.56,1933.515
run_20260501_183332_img_0145,145.691,1780.242,1925.934
run_20260501_183332_img_0146,143.395,1786.759,1930.154
run_20260501_183332_img_0147,146.392,1776.473,1922.865
run_20260501_183332_img_0148,142.658,1783.085,1925.743
run_20260501_183332_img_0149,141.89,1784.887,1926.778
run_20260501_183332_img_0150,146.223,1779.955,1926.178
run_20260501_183332_img_0151,145.366,1782.362,1927.728
run_20260501_183332_img_0152,139.096,1794.411,1933.508
run_20260501_183332_img_0153,145.009,1776.699,1921.708
run_20260501_183332_img_0154,143.586,1792.668,1936.254
run_20260501_183332_img_0155,139.039,1774.778,1913.817
run_20260501_183332_img_0156,140.469,1784.137,1924.606
run_20260501_183332_img_0157,150.152,1790.333,1940.485
run_20260501_183332_img_0158,141.712,1788.968,1930.68
run_20260501_183332_img_0159,143.864,1780.376,1924.24
run_20260501_183332_img_0160,143.307,1785.644,1928.951
run_20260501_183332_img_0161,143.892,1778.596,1922.488
run_20260501_183332_img_0162,145.801,1790.132,1935.934
run_20260501_183332_img_0163,144.389,1776.211,1920.601
run_20260501_183332_img_0164,142.085,1785.345,1927.43
run_20260501_183332_img_0165,146.377,1782.296,1928.672
run_20260501_183332_img_0166,144.764,1784.394,1929.158
run_20260501_183332_img_0167,147.373,1781.366,1928.739
run_20260501_183332_img_0168,141.887,1787.314,1929.2
run_20260501_183332_img_0169,147.92,1774.754,1922.674
run_20260501_183332_img_0170,143.044,1795.552,1938.596
run_20260501_183332_img_0171,145.202,1777.396,1922.597
run_20260501_183332_img_0172,143.272,1791.739,1935.011
run_20260501_183332_img_0173,140.893,1782.493,1923.387
run_20260501_183332_img_0174,142.527,1785.336,1927.863
run_20260501_183332_img_0175,140.932,1788.579,1929.511
run_20260501_183332_img_0176,146.138,1787.257,1933.396
run_20260501_183332_img_0177,143.423,1781.45,1924.873
run_20260501_183332_img_0178,129.624,1790.399,1920.023
run_20260501_183332_img_0179,125.843,1775.296,1901.139
run_20260501_183332_img_0180,123.138,1808.024,1931.162
run_20260501_183332_img_0181,132.261,1775.174,1907.435
run_20260501_183332_img_0182,153.149,1789.546,1942.696
run_20260501_183332_img_0183,147.693,1788.771,1936.464
run_20260501_183332_img_0184,148.179,1785.76,1933.939
run_20260501_183332_img_0185,153.597,1778.636,1932.234
run_20260501_183332_img_0186,154.122,1786.034,1940.156
run_20260501_183332_img_0187,148.231,1778.348,1926.579
run_20260501_183332_img_0188,145.202,1796.505,1941.707
run_20260501_183332_img_0189,148.171,1775.366,1923.536
run_20260501_183332_img_0190,149.789,1781.062,1930.851
run_20260501_183332_img_0191,154.481,1782.782,1937.264
run_20260501_183332_img_0192,153.967,1784.571,1938.538
run_20260501_183332_img_0193,148.589,1783.76,1932.349
run_20260501_183332_img_0194,149.973,1785.933,1935.907
run_20260501_183332_img_0195,147.516,1775.034,1922.549
run_20260501_183332_img_0196,149.8,1789.693,1939.493
run_20260501_183332_img_0197,147.921,1775.673,1923.594
run_20260501_183332_img_0198,148.207,1790.218,1938.425
run_20260501_183332_img_0199,147.419,1776.802,1924.221
run_20260501_183332_img_0200,148.591,1788.314,1936.905
run_20260501_183332_img_0201,148.506,1782.172,1930.678
run_20260501_183332_img_0202,147.267,1788.637,1935.903
run_20260501_183332_img_0203,147.297,1780.236,1927.533
run_20260501_183332_img_0204,153.201,1786.236,1939.438
run_20260501_183332_img_0205,151.055,1773.403,1924.458
run_20260501_183332_img_0206,150.646,1789.26,1939.906
run_20260501_183332_img_0207,147.991,1777.03,1925.021
run_20260501_183332_img_0208,151.3,1781.086,1932.386
run_20260501_183332_img_0209,156.314,1787.497,1943.811
run_20260501_183332_img_0210,151.078,1784.126,1935.203
run_20260501_183332_img_0211,148.863,1778.016,1926.879
run_20260501_183332_img_0212,147.318,1786.156,1933.473
run_20260501_183332_img_0213,147.954,1780.451,1928.405
run_20260501_183332_img_0214,146.803,1795.714,1942.517
run_20260501_183332_img_0215,150.637,1780.06,1930.698
run_20260501_183332_img_0216,151.452,1783.41,1934.862
run_20260501_183332_img_0217,147.703,1780.79,1928.494
run_20260501_183332_img_0218,147.554,1787.744,1935.298
run_20260501_183332_img_0219,146.885,1780.617,1927.502
run_20260501_183332_img_0220,150.321,1783.796,1934.117
run_20260501_183332_img_0221,143.133,1779.516,1922.649
run_20260501_183332_img_0222,147.825,1788.382,1936.207
run_20260501_183332_img_0223,186.908,1777.144,1964.053
run_20260501_183332_img_0224,162.515,1792.022,1954.537
run_20260501_183332_img_0225,163.06,1773.201,1936.261
run_20260501_183332_img_0226,166.655,1808.757,1975.413
run_20260501_183332_img_0227,182.061,1785.551,1967.612
run_20260501_183332_img_0228,186.792,1789.842,1976.634
run_20260501_183332_img_0229,160.125,1783.382,1943.507
run_20260501_183332_img_0230,159.578,1812.579,1972.157
run_20260501_183332_img_0231,187.241,1784.945,1972.186
run_20260501_183332_img_0232,162.424,1796.456,1958.881
run_20260501_183332_img_0233,156.139,1779.148,1935.287
run_20260501_183332_img_0234,162.468,1786.329,1948.797
run_20260501_183332_img_0235,162.743,1782.898,1945.641
run_20260501_183332_img_0236,162.407,1792.824,1955.231
run_20260501_183332_img_0237,164.235,1777.541,1941.776
run_20260501_183332_img_0238,165.871,1784.305,1950.176
run_20260501_183332_img_0239,165.625,1777.546,1943.171
run_20260501_183332_img_0240,156.3,1792.357,1948.658
run_20260501_183332_img_0241,156.818,1813.24,1970.058
run_20260501_183332_img_0242,174.768,1790.213,1964.981
run_20260501_183332_img_0243,163.253,1789.745,1952.998
run_20260501_183332_img_0244,162.78,1787.15,1949.93
run_20260501_183332_img_0245,163.683,1810.333,1974.016
run_20260501_183332_img_0246,187.713,1790.207,1977.92
run_20260501_183332_img_0247,186.897,1778.87,1965.767
run_20260501_183332_img_0248,163.482,1792.801,1956.282
run_20260501_183332_img_0249,161.565,1803.271,1964.836
run_20260501_183332_img_0250,186.015,1793.09,1979.105
run_20260501_183332_img_0251,162.85,1781.028,1943.878
run_20260501_183332_img_0252,162.57,1785.496,1948.066
run_20260501_183332_img_0253,160.458,1777.256,1937.714
run_20260501_183332_img_0254,161.41,1791.048,1952.457
run_20260501_183332_img_0255,160.489,1780.432,1940.922
run_20260501_183332_img_0256,165.946,1785.09,1951.036
run_20260501_183332_img_0257,163.044,1779.774,1942.818
run_20260501_183332_img_0258,161.83,1794.558,1956.388
run_20260501_183332_img_0259,162.639,1778.548,1941.188
run_20260501_183332_img_0260,155.13,1792.489,1947.619
run_20260501_183332_img_0261,158.942,1778.368,1937.31
run_20260501_183332_img_0262,159.214,1788.045,1947.258
run_20260501_183332_img_0263,159.688,1790.234,1949.923
run_20260501_183332_img_0264,164.113,1790.075,1954.188
run_20260501_183332_img_0265,157.949,1779.477,1937.426
run_20260501_183332_img_0266,158.637,1787.231,1945.869
run_20260501_183332_img_0267,156.691,1780.484,1937.174
run_20260501_183332_img_0268,146.632,1793.086,1939.718
run_20260501_183332_img_0269,154.609,1784.944,1939.554
run_20260501_183332_img_0270,154.193,1787.572,1941.765
run_20260501_183332_img_0271,158.239,1782.149,1940.388
run_20260501_183332_img_0272,165.821,1787.663,1953.484
run_20260501_183332_img_0273,159.885,1775.418,1935.303
run_20260501_183332_img_0274,164.722,1782.977,1947.699
run_20260501_183332_img_0275,165.956,1773.808,1939.764
run_20260501_183332_img_0276,167.141,1794.017,1961.158
run_20260501_183332_img_0277,166.01,1777.891,1943.9
run_20260501_183332_img_0278,165.171,1791.432,1956.603
run_20260501_183332_img_0279,163.83,1775.642,1939.471
run_20260501_183332_img_0280,166.293,1782.542,1948.835
run_20260501_183332_img_0281,164.459,1787.037,1951.496
run_20260501_183332_img_0282,161.618,1779.112,1940.73
run_20260501_183332_img_0283,160.391,1778.868,1939.26
run_20260501_183332_img_0284,161.954,1793.54,1955.494
run_20260501_183332_img_0285,162.403,1776.29,1938.693
run_20260501_183332_img_0286,159.357,1788.388,1947.745
run_20260501_183332_img_0287,159.52,1779.056,1938.576
run_20260501_183332_img_0288,162.288,1784.856,1947.144
run_20260501_183332_img_0289,158.248,1779.2,1937.448
run_20260501_183332_img_0290,162.108,1784.536,1946.644
